{
  "pages": [
    {
      "path": "pages/index/index",
      "style": {
        "navigationBarTitleText": "myl-uniapp-fab"
      }
    },
    {
      "path": "pages/example/circle",
      "style": {
        "navigationBarTitleText": "myl-uniapp-fab-Circle"
      }
    },
    {
      "path": "pages/example/column",
      "style": {
        "navigationBarTitleText": "myl-uniapp-fab-Column"
      }
    }
  ],
  "globalStyle": {
    "navigationBarTextStyle": "black",
    "navigationBarTitleText": "myl-uniapp-fab",
    "navigationBarBackgroundColor": "#F8F8F8",
    "backgroundColor": "#F8F8F8"
  },
  "uniIdRouter": {}
}
